post_id,model_type,title,user_id,user_name,user_avatar,likes,cover
64ee148a000000001e02d2c2,note,ä¸ºä»€ä¹ˆæ²¡ä¸€ä¸ªäººå…³å¿ƒä»–é•¿ç™½å¤´å‘äº†,5c2731120000000007007e04,å…”å…”æœ‰ç‚¹å„¿ç”œo,https://sns-avatar-qc.xhscdn.com/avatar/64e1d67388117ec371225697.jpg?imageView2/2/w/80/format/jpg,248,https://sns-img-qc.xhscdn.com/3ef7159f-2156-f2f6-31f9-e146cf6addfc
64e42f9f000000000a019e65,note,é•¿ç›¸æ€ç¬¬äºŒå­£çš„å„ç§ååœºé¢ï¼,5c1af995000000000501e96d,èœœæ±å¾®ç¬‘,https://sns-avatar-qc.xhscdn.com/avatar/606bb2b1b0d25d6261b93187.jpg?imageView2/2/w/80/format/jpg,303,https://sns-img-qc.xhscdn.com/606f227d-b115-ae6e-5e71-8f17220cbc91
64d6f8b4000000000a01a585,note,é¬¼çŸ¥é“æˆ‘è¿™æ®µåˆ°åº•çœ‹äº†å¤šå°‘éäº†ï¼ï¼ï¼,5de608890000000001009c29,å‰§è¥¿å­,https://sns-avatar-qc.xhscdn.com/avatar/5e7dae4ad170990001147b55.jpg?imageView2/2/w/80/format/jpg,26344,https://sns-img-qc.xhscdn.com/af512bb5-6647-c1a8-2f32-161abfb84c32
64cbc5c00000000012019201,note,å¿ƒç¢äº†ï¼Œè¿™æ˜¯å°å¤­å°„å‘ä»–çš„å‰‘,5fa009650000000001004c9a,å¤åŒ—,https://sns-avatar-qc.xhscdn.com/avatar/1040g2jo30nm80ua2ni6g5nt015ig8j4qjlkiddg?imageView2/2/w/80/format/jpg,8446,https://sns-img-qc.xhscdn.com/b0716888-10e9-ea36-530a-83da86e7e8be
64e6df8e000000000103e33a,note,çœ‹é•¿ç›¸æ€çš„ä¸€äº›æ„Ÿæ‚Ÿï¼ŒçœŸæ˜¯å†™ä¸å®Œã€‚ã€‚ã€‚,647b1fe90000000025036486,éƒ­å­è‡ªè€ƒ,https://sns-avatar-qc.xhscdn.com/avatar/647e29fd8e2f44dc33e82bf4.jpg?imageView2/2/w/80/format/jpg,491,https://sns-img-qc.xhscdn.com/180cc833-361f-5807-9cc3-776768965faf
64e0a2e9000000001201aa3a,note,é•¿ç›¸æ€åŸè‘—ç¬¬äºŒå­£å†…å®¹å…¨,5cd18b6c0000000010039d35,never_,https://sns-avatar-qc.xhscdn.com/avatar/5cd7ef35025634000103c4c8.jpg?imageView2/2/w/80/format/jpg,588,https://sns-img-qc.xhscdn.com/eeff50bd-4e85-2de1-0ba3-32c1a433803b
64bf77d7000000001201ce56,note,æ€ä¹ˆåŠï¼Ÿæˆ‘å¥½åƒçªç„¶æ˜ç™½äº†ä¸ºä»€ä¹ˆç±ç¹æ˜¯ç”·ä¸»,5a3f5e6e4eacab68d8476ac8,çˆ±è¿½å‰§çš„ç„±ç„±,https://sns-avatar-qc.xhscdn.com/avatar/63f4653ae2609be54597d5c3.jpg?imageView2/2/w/80/format/jpg,2643,https://sns-img-qc.xhscdn.com/2d68de9f-b834-56b0-8941-2e1075f9645b
64f01f590000000020003a9b,note,è¦ä¸æ˜¯æ™“æ˜å“¥è¿™ä¹ˆå–åŠ›ï¼Œå°å¤­ä¹Ÿæœªå¿…èƒ½å‡ºä¸–ï¼,5b999a7faf44bd0001f71f48,æ³¢å¦å’Œæ³¢çŒª,https://sns-avatar-qc.xhscdn.com/avatar/61b5aa6dea3fc1bc63530d16.jpg?imageView2/2/w/80/format/jpg,3053,https://sns-img-qc.xhscdn.com/87542558-6f26-b548-c0de-7c60feebdc29
64d5a7a90000000017018cdc,note,å‡­ä»€ä¹ˆè¿™é‡Œä¸èƒ½è®©ç¹çœ‹åˆ°ï¼Ÿï¼Ÿï¼,5a960bade8ac2b3af5004d40,äº†é“¶æ—å¥³å£«,https://sns-avatar-qc.xhscdn.com/avatar/62a357a48869e5b2a2f1ef90.jpg?imageView2/2/w/80/format/jpg,2568,https://sns-img-qc.xhscdn.com/bcda51c4-f36f-f93b-63bc-13c3626d33af
64dd6e860000000010031318,note,åŸæ¥ç¬¬äºŒå­£ä»–çš„æˆä»½é‚£ä¹ˆå°‘,5b6a810edf501000017fceed,é›·dayï¼ˆè„¾æ°”ä¸å¥½ï¼‰,https://sns-avatar-qc.xhscdn.com/avatar/63da794bd4867f0b68f1bb82.jpg?imageView2/2/w/80/format/jpg,3931,https://sns-img-qc.xhscdn.com/e5da0896-4a8d-486a-5476-a1b23ecb9cf4
64dc7ecd000000000b02aa71,note,é•¿ç›¸æ€è¿™ç¯‡ç»äº†,5aacaca6e8ac2b47baf23437,ç§¦æ—¶é“­æ‚¦ğŸŒ™,https://sns-avatar-qc.xhscdn.com/avatar/64356b29b2b360267e3f65dc.jpg?imageView2/2/w/80/format/jpg,502,https://sns-img-qc.xhscdn.com/492a9b67-8be2-7db8-558c-03d66e36664c
64e3fe75000000000c036bae,note,ç±ç¹9ä¸ªè€å©†3æ¬¡å©šç¤¼æœè£…ä¸ºä»€ä¹ˆé¢œè‰²ä¸ä¸€æ ·â“,5ad85a3611be1079fb963361,å¼ å°è™‚,https://sns-avatar-qc.xhscdn.com/avatar/62865a091be4288b71263af8.jpg?imageView2/2/w/80/format/jpg,5805,https://sns-img-qc.xhscdn.com/8b8aed51-0041-6e7e-320c-2bab2501a672
64da36cd000000000103d0f2,note,,5ae52eea11be106baca8ee0c,å°å¯Œå©†,https://sns-avatar-qc.xhscdn.com/avatar/1040g2jo30n8vvcbrlm405oavj2kgjj13cq81jko?imageView2/2/w/80/format/jpg,1525,https://sns-img-qc.xhscdn.com/7f067544-f2f7-2575-868c-e4082d88e262
64d1fa49000000000800c54f,note,å°å¤­çš„æ¯äº²å…¶å®å°±æ˜¯é™å®‰å¦ƒ,61fcfc2e00000000100063b0,ä¹æœˆæ˜¯ä¸ªå¨±ä¹å®¶,https://sns-avatar-qc.xhscdn.com/avatar/1040g2jo30nb72ojcm25g5ofsvgn40otghl4o9mo?imageView2/2/w/80/format/jpg,4892,https://sns-img-qc.xhscdn.com/dfee12f2-acc7-0dce-3cee-0534f3fecf3a
64edf0f0000000001f0378a8,note,,63527dd30000000018028321,æ—­é¸¿å“è¯»,https://sns-avatar-qc.xhscdn.com/avatar/1040g2jo30nv80m26hi6g5oqifn9m50p122uonj8?imageView2/2/w/80/format/jpg,1229,https://sns-img-qc.xhscdn.com/5fd3e771-4392-e3ca-af69-b9d01ebfcaf3
64cb60140000000010030f07,note,å°å¤­æ¯äº²å˜æˆæ—±é­ƒï¼Œçˆ¶äº²è‚‰èº«å˜æ¡ƒæ—â€¦â€¦,6176985a000000001f034280,çˆ±è¿½å‰§çš„æ˜æ˜,https://sns-avatar-qc.xhscdn.com/avatar/644f7304ec2be016c1d3bb08.jpg?imageView2/2/w/80/format/jpg,6082,https://sns-img-qc.xhscdn.com/da9880e1-9b9b-8b4e-1452-97c394901e2d
64e8785b000000000a01b6f4,note,å°å¤­çš„ä¸‰æ¬¡æ‹’ç»ï¼Œé€ æˆäº†å¤­æŸ³çš„BEç»“å±€ï¼,5eb7bb4e0000000001003d45,é˜…å¥³æˆé•¿,https://sns-avatar-qc.xhscdn.com/avatar/1040g2jo30obrqmv3i86g5nlnnd708fa52acb578?imageView2/2/w/80/format/jpg,421,https://sns-img-qc.xhscdn.com/0ccb2d80-0e5e-132b-6df9-a9e94aaf97f7
64d5b64e000000000b02b92a,note,é•¿ç›¸æ€æ„éš¾å¹³ç»“å±€,565e83a650c4b4045c88fef6,å¹³ä¹å›­èµµåœ†åœ†,https://sns-avatar-qc.xhscdn.com/avatar/1040g2jo30o0376jh200043kf7m1qdvnm0sbhd10?imageView2/2/w/80/format/jpg,287,https://sns-img-qc.xhscdn.com/0d083068-f4d4-b6e5-f492-e18cfa9b6e6a
64ef368e0000000020003ff5,note,4ã€ç»ˆäºçŸ¥é“å°å¤­ä¸ºä»€ä¹ˆè¿™ä¹ˆå‰²è£‚äº†ğŸ˜¢,625aba690000000010008bc0,æš–æš–,https://sns-avatar-qc.xhscdn.com/avatar/6358ff57d061b6a50c022824.jpg?imageView2/2/w/80/format/jpg,1094,https://sns-img-qc.xhscdn.com/e882e305-02a5-b8b8-ca17-eccea2d3b996
64f380a0000000001e030a65,note,é•¿ç›¸æ€åé—ç—‡ï¼Œç°åœ¨çœ‹é£æ™¯ä¼šè„±å£è€Œå‡ºï¼š,5808152d5e87e7749dd19d73,æ¢¦å¢ƒè§‚å¯Ÿç¬”è®°,https://sns-avatar-qc.xhscdn.com/avatar/1040g2jo30odn97dti60048pqlvair7bj5ffbh00?imageView2/2/w/80/format/jpg,1516,https://sns-img-qc.xhscdn.com/6fd05b9e-f333-85d4-9015-d31f894dde01
