duration,movie_image_url,movie_intro,movie_url,rank,rating,rating_count,release_date,subject,title
142,https://img2.doubanio.com/view/photo/s_ratio_poster/public/p480747492.jpg,　　一场谋杀案使银行家安迪（蒂姆•罗宾斯 Tim Robbins 饰）蒙冤入狱，谋杀妻子及其情人的指控将囚禁他终生。在肖申克监狱的首次现身就让监狱“大哥”瑞德（摩根•弗里曼 Morgan Freeman 饰）对他另眼相看。瑞德帮助他搞到一把石锤和一幅女明星海报，两人渐成患难 之交。很快，安迪在监狱里大显其才，担当监狱图书管理员，并利用自己的金融知识帮助监狱官避税，引起了典狱长的注意，被招致麾下帮助典狱长洗黑钱。偶然一次，他得知一名新入狱的小偷能够作证帮他洗脱谋杀罪。燃起一丝希望的安迪找到了典狱长，希望他能帮自己翻案。阴险伪善的狱长假装答应安迪，背后却派人杀死小偷，让他唯一能合法出狱的希望泯灭。沮丧的安迪并没有绝望，在一个电闪雷鸣的风雨夜，一场暗藏几十年的越狱计划让他自我救赎，重获自由！老朋友瑞德在他的鼓舞和帮助下，也勇敢地奔向自由。,https://movie.douban.com/subject/1292052/,1,9.7,2916336人评价,"1994-09-10(多伦多电影节),1994-10-14(美国)",希望让人自由。,肖申克的救赎
171,https://img2.doubanio.com/view/photo/s_ratio_poster/public/p579729551.jpg,　　本片根据印度畅销书作家奇坦·巴哈特（Chetan Bhagat）的处女作小说《五点人》（Five Point Someone）改编而成。法兰（马德哈万 R Madhavan 饰）、拉杜（沙曼·乔希 Sharman Joshi 饰）与兰乔（阿米尔·汗 Aamir Khan 饰）是皇家工程学院的学生，三人共居一室，结为好友。在以严格著称的学院里，兰乔是个非常与众不同的学生，他不死记硬背，甚至还公然顶撞校长“病毒”（波曼·伊拉尼 Boman Irani 饰），质疑他的教学方法。他不仅鼓动法兰与拉杜去勇敢追寻理想，还劝说校长的二女儿碧雅（卡琳娜·卡普 Kareena Kapoor 饰）离开满眼铜臭的未婚夫。兰乔的特立独行引起了模范学生“消音器”（奥米·维嘉 Omi Vaidya 饰）的不满，他约定十年后再与兰乔一决高下，看哪种生活方式更能取得成功。,https://movie.douban.com/subject/3793023/,14,9.2,1869059人评价,"2011-12-08(中国大陆),2009-12-25(印度)",英俊版憨豆，高情商版谢耳朵。,三傻大闹宝莱坞
148,https://img9.doubanio.com/view/photo/s_ratio_poster/public/p513344864.jpg,　　道姆·柯布（莱昂纳多·迪卡普里奥 Leonardo DiCaprio 饰）与同事阿瑟（约瑟夫·戈登-莱维特 Joseph Gordon-Levitt 饰）和纳什（卢卡斯·哈斯 Lukas Haas 饰）在一次针对日本能源大亨齐藤（渡边谦 饰）的盗梦行动中失败，反被齐藤利用。齐藤威逼利诱因遭通缉而流亡海外的柯布帮他拆分他竞争对手的公司，采取极端措施在其唯一继承人罗伯特·费希尔（希里安·墨菲 Cillian Murphy 饰）的深层潜意识中种下放弃家族公司、自立门户的想法。为了重返美国，柯布偷偷求助于岳父迈尔斯（迈克尔·凯恩 Michael Caine 饰），吸收了年轻的梦境设计师艾里阿德妮（艾伦·佩吉 Ellen Page 饰）、梦境演员艾姆斯（汤姆·哈迪 Tom Hardy 饰）和药剂师约瑟夫（迪利普·劳 Dileep Rao 饰）加入行动。在一层层...,https://movie.douban.com/subject/3541415/,10,9.4,2076354人评价,"2010-09-01(中国大陆),2020-08-28(中国大陆重映),2010-07-16(美国)",诺兰给了我们一场无法盗取的梦。,盗梦空间
103,https://img2.doubanio.com/view/photo/s_ratio_poster/public/p479682972.jpg,　　楚门（金•凯瑞 Jim Carrey 饰）是一个平凡得不能再平凡的人，除了一些有些稀奇的经历之外——初恋女友突然失踪、溺水身亡的父亲忽然似乎又出现在眼前，他和绝大多数30多岁的美国男人绝无异样。这令他倍感失落。他也曾试过离开自己生活了多年的地方，但总因种种理由而不能成行。,https://movie.douban.com/subject/1292064/,11,9.4,1723702人评价,1998-06-05(美国),如果再也不能见到你，祝你早安，午安，晚安。,楚门的世界
165,https://img9.doubanio.com/view/photo/s_ratio_poster/public/p2574551676.jpg,　　本片讲述了一个钢琴天才传奇的一生。,https://movie.douban.com/subject/1292001/,13,9.3,1687017人评价,"2019-11-15(中国大陆),1998-10-28(意大利)",每个人都要走一条自己坚定了的路，就算是粉身碎骨。 ,海上钢琴师
97,https://img1.doubanio.com/view/photo/s_ratio_poster/public/p2884280708.jpg,　　1949年的法国乡村，音乐家克莱门特（热拉尔·朱尼奥 饰）到了一间外号叫“塘低”的男子寄宿学校当助理教师。学校里的学生大部分都是难缠的问题儿童，体罚在这里司空见惯，学校的校长（弗朗索瓦·贝莱昂 饰）只顾自己的前途，残暴高压。,https://movie.douban.com/subject/1291549/,15,9.3,1319384人评价,"2004-10-16(中国大陆),2022-12-02(中国大陆重映),2004-03-17(法国)",天籁一般的童声，是最接近上帝的存在。 ,放牛班的春天
195,https://img2.doubanio.com/view/photo/s_ratio_poster/public/p492406163.jpg,　　1939年，波兰在纳粹德国的统治下，党卫军对犹太人进行了隔离统治。德国商人奥斯卡·辛德勒（连姆·尼森 Liam Neeson 饰）来到德军统治下的克拉科夫，开设了一间搪瓷厂，生产军需用品。凭着出众的社交能力和大量的金钱，辛德勒和德军建立了良好的关系，他的工厂雇用犹太人工作，大发战争财。,https://movie.douban.com/subject/1295124/,9,9.6,1112307人评价,"1993-11-30(华盛顿首映),1994-02-04(美国)",拯救一个人，就是拯救整个世界。,辛德勒的名单
125,https://img1.doubanio.com/view/photo/s_ratio_poster/public/p2557573348.jpg,　　千寻和爸爸妈妈一同驱车前往新家，在郊外的小路上不慎进入了神秘的隧道——他们去到了另外一个诡异世界—一个中世纪的小镇。远处飘来食物的香味，爸爸妈妈大快朵颐，孰料之后变成了猪！这时小镇上渐渐来了许多样子古怪、半透明的人。,https://movie.douban.com/subject/1291561/,6,9.4,2258017人评价,"2019-06-21(中国大陆),2001-07-20(日本)",最好的宫崎骏，最好的久石让。 ,千与千寻
110,https://img2.doubanio.com/view/photo/s_ratio_poster/public/p511118051.jpg,　　里昂（让·雷诺饰）是名孤独的职业杀手，受人雇佣。一天，邻居家小姑娘马蒂尔达（纳塔丽·波特曼饰)敲开他的房门，要求在他那里暂避杀身之祸。原来邻居家的主人是警方缉毒组的眼线，只因贪污了一小包毒品而遭恶警（加里·奥德曼饰）杀害全家的惩罚。马蒂尔达得到里昂的留救，幸免于难，并留在里昂那里。里昂教小女孩使枪，她教里昂法文，两人关系日趋亲密，相处融洽。,https://movie.douban.com/subject/1295644/,5,9.4,2307657人评价,1994-09-14(法国),怪蜀黍和小萝莉不得不说的故事。,这个杀手不太冷
116,https://img2.doubanio.com/view/photo/s_ratio_poster/public/p2578474613.jpg,　　犹太青年圭多（罗伯托·贝尼尼）邂逅美丽的女教师多拉（尼可莱塔·布拉斯基），他彬彬有礼的向多拉鞠躬：“早安！公主！”。历经诸多令人啼笑皆非的周折后，天遂人愿，两人幸福美满的生活在一起。,https://movie.douban.com/subject/1292063/,7,9.6,1333920人评价,"2020-01-03(中国大陆),1997-12-20(意大利)",最美的谎言。,美丽人生
194,https://img2.doubanio.com/view/photo/s_ratio_poster/public/p2896604953.jpg,　　1912年4月10日，号称 “世界工业史上的奇迹”的豪华客轮泰坦尼克号开始了自己的处女航，从英国的南安普顿出发驶往美国纽约。富家少女罗丝（凯特•温丝莱特）与母亲及未婚夫卡尔坐上了头等舱；另一边，放荡不羁的少年画家杰克（莱昂纳多·迪卡普里奥）也在码头的一场赌博中赢得了下等舱的船票。,https://movie.douban.com/subject/1292722/,4,9.5,2206095人评价,"1998-04-03(中国大陆),2023-04-03(中国大陆重映),1997-11-01(东京电影节),1997-12-19(美国)",失去的才是永恒的。 ,泰坦尼克号
169,https://img1.doubanio.com/view/photo/s_ratio_poster/public/p2614988097.jpg,　　近未来的地球黄沙遍野，小麦、秋葵等基础农作物相继因枯萎病灭绝，人类不再像从前那样仰望星空，放纵想象力和灵感的迸发，而是每日在沙尘暴的肆虐下倒数着所剩不多的光景。在家务农的前NASA宇航员库珀（马修·麦康纳 Matthew McConaughey 饰）接连在女儿墨菲（麦肯吉·弗依 Mackenzie Foy 饰）的书房发现奇怪的重力场现象，随即得知在某个未知区域内前NASA成员仍秘密进行一个拯救人类的计划。多年以前土星附近出现神秘虫洞，NASA借机将数名宇航员派遣到遥远的星系寻找适合居住的星球。在布兰德教授（迈克尔·凯恩 Michael Caine 饰）的劝说下，库珀忍痛告别了女儿，和其他三名专家教授女儿艾米莉亚·布兰德（安妮·海瑟薇 Anne Hathaway 饰）、罗米利（大卫·吉雅西 David Gyasi 饰）、多伊尔（韦斯·本特利 Wes B...,https://movie.douban.com/subject/1889243/,8,9.4,1855328人评价,"2014-11-12(中国大陆),2020-08-02(中国大陆重映),2014-11-07(美国)",爱是一种力量，让我们超越时空感知它的存在。,星际穿越
142,https://img2.doubanio.com/view/photo/s_ratio_poster/public/p2372307693.jpg,　　阿甘（汤姆·汉克斯 饰）于二战结束后不久出生在美国南方阿拉巴马州一个闭塞的小镇，他先天弱智，智商只有75，然而他的妈妈是一个性格坚强的女性，她常常鼓励阿甘“傻人有傻福”，要他自强不息。,https://movie.douban.com/subject/1292720/,3,9.5,2174100人评价,"1994-06-23(洛杉矶首映),1994-07-06(美国)",一部美国近现代史。,阿甘正传
93,https://img1.doubanio.com/view/photo/s_ratio_poster/public/p2587099240.jpg,　　八公（Forest 饰）是一条谜一样的犬，因为没有人知道它从哪里来。教授帕克（理查·基尔 Richard Gere 饰）在小镇的火车站拣到一只走失的小狗，冥冥中似乎注定小狗和帕克教授有着某种缘分，帕克一抱起这只小狗就再也放不下来，最终，帕克对小狗八公的疼爱感化了起初极力反对养狗的妻子卡特（琼·艾伦 Joan Allen 饰）。八公在帕克的呵护下慢慢长大，帕克上班时八公会一直把他送到车站，下班时八公也会早早便爬在车站等候，八公的忠诚让小镇的人家对它更加疼爱。有一天，八公在帕克要上班时表现异常，居然玩起了以往从来不会的捡球游戏，八公的表现让帕克非常满意，可是就是在那天，帕克因病去世。帕克的妻子、女儿安迪（萨拉·罗默尔 Sarah Roemer 饰）及女婿迈克尔（罗比·萨布莱特 Robbie Sublett 饰）怀着无比沉痛的心情埋葬了帕克，可是不明就里的...,https://movie.douban.com/subject/3011091/,12,9.4,1406023人评价,"2009-06-13(西雅图电影节),2010-03-12(英国)",永远都不能忘记你所爱的人。,忠犬八公的故事
171,https://img1.doubanio.com/view/photo/s_ratio_poster/public/p2561716440.jpg,　　段小楼（张丰毅）与程蝶衣（张国荣）是一对打小一起长大的师兄弟，两人一个演生，一个饰旦，一向配合天衣无缝，尤其一出《霸王别姬》，更是誉满京城，为此，两人约定合演一辈子《霸王别姬》。但两人对戏剧与人生关系的理解有本质不同，段小楼深知戏非人生，程蝶衣则是人戏不分。,https://movie.douban.com/subject/1291546/,2,9.6,2152900人评价,"1993-07-26(中国大陆),1993-01-01(中国香港)",风华绝代。,霸王别姬
117,https://img9.doubanio.com/view/photo/s_ratio_poster/public/p2614359276.jpg,　　克里斯•加纳（威尔·史密斯 Will Smith 饰）用尽全部积蓄买下了高科技治疗仪，到处向医院推销，可是价格高昂，接受的人不多。就算他多努力都无法提供一个良好的生活环境给妻儿，妻子（桑迪·牛顿 Thandie Newton 饰）最终选择离开家。从此他带着儿子克里斯托夫（贾登·史密斯 Jaden Smith 饰）相依为命。克里斯好不容易争取回来一个股票投资公司实习的机会，就算没有报酬，成功机会只有百分之五，他仍努力奋斗，儿子是他的力量。他看尽白眼，与儿子躲在地铁站里的公共厕所里，住在教堂的收容所里…… 他坚信，幸福明天就会来临。,https://movie.douban.com/subject/1849031/,24,9.2,1528527人评价,"2008-01-17(中国大陆),2020-07-20(中国大陆重映),2006-12-15(美国)",平民励志片。 ,当幸福来敲门
163,https://img2.doubanio.com/view/photo/s_ratio_poster/public/p452089833.jpg,　　溥仪（尊龙 饰）的一生在电影中娓娓道来。他从三岁起登基，年幼的眼光中只有大臣身上的一只蝈蝈，江山在他心中只是一个不明所以的名词。长大了，他以为可以变革，却被太监一把火烧了朝廷账本。他以为自己是大清江山的主人，却做了日本人的傀儡。,https://movie.douban.com/subject/1293172/,25,9.3,891706人评价,"1987-10-04(东京国际电影节),1987-10-23(意大利)",“不要跟我比惨，我比你更惨”再适合这部电影不过了。,末代皇帝
175,https://img9.doubanio.com/view/photo/s_ratio_poster/public/p616779645.jpg,　　40年代的美国，“教父”维托·柯里昂（马龙·白兰度 饰）是黑手党柯里昂家族的首领，带领家族从事非法的勾当，但同时他也是许多弱小平民的保护神，深得人们爱戴。,https://movie.douban.com/subject/1291841/,22,9.3,973960人评价,"1972-03-15(纽约首映),1972-03-24(美国)",千万不要记恨你的对手，这样会让你失去理智。,教父
116,https://img1.doubanio.com/view/photo/s_ratio_poster/public/p1505392928.jpg,　　伦敦著名刑案辩护律师韦菲爵士（查尔斯•劳顿 Charles Laughton 饰）接受了心脏病治疗，但是身体依旧虚弱，第一天回家休养，护士一直严厉监督他服药，并杜绝烟酒。管家为了便于上楼，还专门为他修了电梯。但是，种种关心照顾，对于这位桀骜不驯、牙尖嘴利的大律师根本不起作用，反倒是一纸诉状令他倍感兴奋。律师梅休和当事人沃尔（泰隆•鲍华 Tyrone Power饰）登门拜访，请他出山打官司。原来，沃尔结识了富婆，两人相见甚欢，虽然仆人对他发明的打蛋器充满鄙夷，但是富婆却对他充满爱意，甚至为他修改了遗嘱，把8万英镑留给了他。然而，富婆却惨遭毒手。于是，沃尔成为警方的头号嫌疑犯。他的唯一证人是妻子克里斯汀（玛琳•黛德丽 Marlene Dietrich饰），然而后者登门时的冷漠与淡定，令韦菲爵士怀疑这其中另有隐情。在扑朔迷离的案件背后，隐藏着一个个环环相扣...,https://movie.douban.com/subject/1296141/,19,9.6,566631人评价,1957-12-17(美国),比利·怀德满分作品。,控方证人
95,https://img9.doubanio.com/view/photo/s_ratio_poster/public/p2455050536.jpg,　　至尊宝（周星驰 饰）被月光宝盒带回到五百年前，遇见紫霞仙子（朱茵 饰），被对方打上烙印成为对方的人，并发觉自己已变成孙悟空。,https://movie.douban.com/subject/1292213/,20,9.2,1542369人评价,"2014-10-24(中国大陆),2017-04-13(中国大陆重映),1995-02-04(中国香港)",一生所爱。,大话西游之大圣娶亲
125,https://img9.doubanio.com/view/photo/s_ratio_poster/public/p1363250216.jpg,　　来自首尔的哑语美术老师仁浩（孔宥 饰）来到雾津，应聘慈爱聋哑人学校。天降大雾，他意外撞车，维修时邂逅了人权组织成员柔珍（郑有美 饰）。仁浩妻子早亡，8岁女儿天生哮喘由祖母照看，所以他不辞辛苦谋职养家。然而，双胞胎的校长与教导主任竟逼仁浩索贿5千万韩元。同时，仁浩逐渐发现学校笼罩着一种紧张压抑的气氛，令人窒息。有三个孩子引人关注：聪颖的金妍斗（金贤秀 饰）、贪吃的陈宥利（郑仁絮 饰）和弟弟自杀身亡的全民秀（白承焕 饰），民秀总是满脸淤青。下课后，仁浩还听到女厕所中有呼喊与哭泣，在门卫的阻拦下他未深究。之后。他意外目睹了校长行贿警察，教导员毒打民秀，宿导溺罚妍斗的行径。一个惊天的隐秘被慢慢揭开，真相令韩国震惊……,https://movie.douban.com/subject/5912992/,21,9.4,936116人评价,2011-09-22(韩国),我们一路奋战不是为了改变世界，而是为了不让世界改变我们。,熔炉
101,https://img2.doubanio.com/view/photo/s_ratio_poster/public/p2564556863.jpg,　　1991年，香港黑帮三合会会员刘健明（刘德华）听从老大韩琛（曾志伟）的吩咐，加入警察部队成为黑帮卧底，韩琛许诺刘健明会帮其在七年后晋升为见习督察。1992年，警察训练学校优秀学员陈永仁（梁朝伟）被上级要求深入到三合会做卧底，终极目标是成为韩琛身边的红人。2002年，两人都不负重望，也都身背重压，刘健明渐想成为一个真正的好人，陈永仁则盼着尽快回归警察身份。,https://movie.douban.com/subject/1307914/,18,9.3,1372904人评价,"2003-09-05(中国大陆),2002-12-12(中国香港)",香港电影史上永不过时的杰作。,无间道
112,https://img9.doubanio.com/view/photo/s_ratio_poster/public/p1454261925.jpg,　　因为一次跳伞事故，白人富翁菲利普Philippe（弗朗索瓦·克鲁塞 François Cluzet 饰）瘫痪在床，欲招聘一名全职陪护。由于薪酬高，应聘者云集，个个舌灿莲花，却无法打动他的心。直到黑人德希斯Driss（奥玛·赛 Omar Sy 饰）的出现才让他作出决定。德希斯刚从监狱出来，背负家庭重担，一心只想寻张辞退信以申领救济金，而且他明显对女助理的兴趣要远大于这份工作。但是菲利普还是一眼相中了这个小伙子。于是，德希斯开始了一个月的试用期。虽然舒适的豪宅环境让他倍感虚荣，但是他仍面临很多挑战：不仅要为菲利普作身体复健，还得给他洗浴、灌肠、拆信、穿丝袜等。起初，两人的思维方式与价值观大相径庭，但是，随着了解的不断深入，他们成为了朋友……,https://movie.douban.com/subject/6786002/,23,9.3,1121492人评价,2011-11-02(法国),满满温情的高雅喜剧。,触不可及
98,https://img2.doubanio.com/view/photo/s_ratio_poster/public/p1461851991.jpg,　　公元2805年，人类文明高度发展，却因污染和生活垃圾大量增加使得地球不再适于人类居住。地球人被迫乘坐飞船离开故乡，进行一次漫长无边的宇宙之旅。临行前他们委托Buynlarge的公司对地球垃圾进行清理，该公司开发了名为WALL·E（Waste Allocation Load Lifters – Earth 地球废品分装员）的机器人担当此重任。,https://movie.douban.com/subject/2131459/,16,9.3,1323775人评价,2008-06-27(美国),小瓦力，大人生。,机器人总动员
201,https://img2.doubanio.com/view/photo/s_ratio_poster/public/p2642829472.jpg,　　魔幻战争逐渐进入高潮阶段。霍比特人佛罗多（伊利亚·伍德 Elijah Wood 饰）携带着魔戒，与伙伴山姆（西恩·奥斯汀 Sean Astin 饰）以及狡猾阴暗的咕噜等前往末日山，一路上艰难险阻不断，魔君索伦为阻止魔戒被销毁用尽全力阻挠。另一方面，白袍巫师甘道夫（伊恩·麦克莱恩 Ian McKellen 饰）率中土勇士们镇守刚铎首都——白城米那斯提里斯。魔兽大军压境，黑暗与光明的决战即将来临……,https://movie.douban.com/subject/1291552/,32,9.3,808208人评价,"2004-03-12(中国大陆),2021-05-14(中国大陆重映),2003-12-17(美国)",史诗的终章。,指环王3：王者无敌
152,https://img9.doubanio.com/view/photo/s_ratio_poster/public/p2614949805.jpg,　　哈利波特是一个孤儿，从小寄养在姨妈家，受尽欺凌。但就在哈利11岁生日的时候，他意外收到了霍格沃茨学院的入学通知书。哈利从该学院派来接他的巨人海格口中得知，这是一间魔法学院，并得知了自己的身世，原来哈利的父母都是伟大的魔法师，在对付伏地魔的战斗中双双献身，唯有哈利幸免于难。,https://movie.douban.com/subject/1295038/,31,9.2,1200971人评价,"2002-01-26(中国大陆),2020-08-14(中国大陆重映),2001-11-04(英国首映),2001-11-16(美国)",童话世界的开端。,哈利·波特与魔法石
132,https://img1.doubanio.com/view/photo/s_ratio_poster/public/p2597919477.jpg,　　根据余华同名小说改编。,https://movie.douban.com/subject/1292365/,29,9.3,850245人评价,"1994-06-30(中国香港),1994-05-17(戛纳电影节)",张艺谋最好的电影。,活着
90,https://img1.doubanio.com/view/photo/s_ratio_poster/public/p501177648.jpg,　　布莱斯（卡兰•麦克奥利菲 Callan McAuliffe 饰）全家搬到小镇，邻家女孩朱丽（玛德琳•卡罗尔 Madeline Carroll 饰）前来帮忙。她对他一见钟情，心愿是获得他的吻。两人是同班同学，她一直想方设法接近他，但是他避之不及。她喜欢爬在高高的梧桐树上看风景。但因为施工，树被要被砍掉，她誓死捍卫，希望他并肩作战，但是他退缩了。她的事迹上了报纸，外公对她颇有好感，令他十分困惑。她凭借鸡下蛋的项目获得了科技展第一名，成了全场焦点，令他黯然失色。她把自家鸡蛋送给他，他听家人怀疑她家鸡蛋不卫生，便偷偷把鸡蛋丢掉。她得知真相，很伤心，两人关系跌入冰点。她跟家人诉说，引发争吵。原来父亲一直攒钱照顾傻弟弟，所以生活拮据。她理解了父母，自己动手，还得到了他外公的鼎力相助。他向她道歉，但是并未解决问题。他开始关注她。鸡蛋风波未平，家庭晚宴与午餐男孩评选...,https://movie.douban.com/subject/3319755/,28,9.1,1843795人评价,"2010-07-26(好莱坞首映),2010-09-10(美国)",真正的幸福是来自内心深处。,怦然心动
109,https://img2.doubanio.com/view/photo/s_ratio_poster/public/p2896589742.jpg,　　故事发生在一个所有哺乳类动物和谐共存的美好世界中，兔子朱迪（金妮弗·古德温 Ginnifer Goodwin 配音）从小就梦想着能够成为一名惩恶扬善的刑警，凭借着智慧和努力，朱迪成功的从警校中毕业进入了疯狂动物城警察局，殊不知这里是大型肉食类动物的领地，作为第一只，也是唯一的小型食草类动物，朱迪会遇到怎样的故事呢？,https://movie.douban.com/subject/25662329/,17,9.2,1952274人评价,"2016-03-04(中国大陆/美国),2020-07-24(中国大陆重映)",迪士尼给我们营造的乌托邦就是这样，永远善良勇敢，永远出乎意料。,疯狂动物城
152,https://img2.doubanio.com/view/photo/s_ratio_poster/public/p462657443.jpg,　　从亲眼目睹父母被人杀死的阴影中走出来的“蝙蝠侠”，经历了成长之后，已经不再是那个桀骜不的孤单英雄了。在警官吉姆·戈登和检查官哈维·登特的通力帮助下，“蝙蝠侠”无后顾之忧地继续满世界的奔波，与日益增长起来的犯罪威胁做着永无休止的争斗，而他所在的高谭市，也是进展最为明显的地方，犯罪率以一种惊人的速度持续下降着，毕竟对方是能够上天入地的“蝙蝠侠”，不借两个胆子谁还敢造次呢？不过像高谭这种科技与污秽并存的城市，平静是不可能维持太久的，果不其然，新一轮的混乱很快就席卷了整个城市，人们再一被被恐慌所笼罩着，而声称愿意为这一切负责的，自然就是所有混乱的源头以及支配者--“小丑”了。,https://movie.douban.com/subject/1851857/,30,9.2,1065924人评价,"2008-07-14(纽约首映),2008-07-18(美国)",无尽的黑暗。,蝙蝠侠：黑暗骑士
88,https://img2.doubanio.com/view/photo/s_ratio_poster/public/p2561721372.jpg,　　孙悟空（周星驰）护送唐三藏（罗家英）去西天取经路上，与牛魔王合谋欲杀害唐三藏，并偷走了月光宝盒，此举使观音萌生将其铲除心思，经唐三藏请求，孙悟空被判五百年后重新投胎做人赎其罪孽。,https://movie.douban.com/subject/1299398/,48,9.0,1228011人评价,"2014-10-24(中国大陆),1995-01-21(中国香港)",旷古烁今。,大话西游之月光宝盒
157,https://img1.doubanio.com/view/photo/s_ratio_poster/public/p2550757929.jpg,　　查理（克里斯•奥唐纳 Chris O'Donnell 饰）是一个普通的中学生，他因为见证着一件恶作剧但又不想出卖朋友，于是面临着一道艰难的选择题——要么坦白，要么被学校勒退。而史法兰（阿尔•帕西诺 Al Pacino 饰）是一个退伍军官，因为意外失明，人生从顶点的辉煌滑落谷底。,https://movie.douban.com/subject/1298624/,50,9.1,890557人评价,1992-12-23(美国),史上最美的探戈。,闻香识女人
149,https://img2.doubanio.com/view/photo/s_ratio_poster/public/p1381339291.jpg,　　史标曼（艾德里安•布洛迪 Adrien Brody 饰）是波兰一家电台的钢琴师。二战即将爆发之时，他们全家被迫被赶进华沙的犹太区。在战争的颠沛流离中，家人和亲戚最终被纳粹杀害，而史标曼本人也受尽种种羞辱和折磨，他侥幸得到一位朋友的帮助，暂时有了藏身之处。战争愈加猛烈，朋友不得不抛下他回老家寻得安全的住所养育儿女。此时史标曼恶病缠身，却还要在搜捕中逃亡。在废墟的阁楼上他遇见了一名德国军官，在军官的要求下他弹奏了钢琴曲。美妙的琴声令德国军官萌发了恻隐之心，他暗暗帮助史标曼直到苏军对波兰的解放到来…… 影片根据波兰钢琴家瓦拉迪斯罗•斯皮曼(Wladyslaw Szpilman)的自传体小说《死亡城市》改编。,https://movie.douban.com/subject/1296736/,47,9.3,644634人评价,"2002-05-24(戛纳电影节),2002-09-25(法国)",音乐能化解仇恨。,钢琴家
139,https://img1.doubanio.com/view/photo/s_ratio_poster/public/p2553104888.jpg,　　第二次世界大战期间，中国河北挂甲台村的农民马大三（姜文饰）在日本人的统治下过着平静的生活。一个晚上，游击队绑架了日军陆军士兵花屋小三郎（香川照之饰）和翻译董汉臣，把他们捆绑塞入麻袋放在马大三家里，并吩咐马好好看管，几天后的大年三十来带人。马大三和村民战战兢兢地看守两人，花屋小三郎和董汉臣数次发出求救信号，皆被村民化解。半年过去了，村民们担心事情暴露，却又不敢把花屋等放了。,https://movie.douban.com/subject/1291858/,44,9.3,630338人评价,"2000-05-12(戛纳电影节),2002-04-27(日本)",对敌人的仁慈，就是对自己残忍。,鬼子来了
180,https://img9.doubanio.com/view/photo/s_ratio_poster/public/p2640236255.jpg,　　第二部在延续第一部风格的同时，故事呈现出多线发展的格局，情节有了更高的观赏性。,https://movie.douban.com/subject/1291572/,49,9.2,757941人评价,"2003-04-25(中国大陆),2021-04-23(中国大陆重映),2002-12-05(纽约首映),2002-12-18(美国)",承前启后的史诗篇章。,指环王2：双塔奇兵
111,https://img9.doubanio.com/view/photo/s_ratio_poster/public/p2554525534.jpg,　　孤儿海蒂（阿努克·斯特芬 饰）被姨母迪蒂（安娜·希恩斯 饰）送上了阿尔卑斯山，与远离小镇独居于高山的祖父（布鲁诺·甘茨 饰）一同生活。活泼的海蒂在这里如鱼得水，不仅收获了羊倌彼得（奎林·阿格里皮 饰）的友情和孤僻祖父的亲情，还与山下彼得的家人打成一片。一天，海蒂同彼得在山上放羊，姨母突然出现，连哄带骗将海蒂卖到法兰克福的泽塞曼家。从此，目不识A的海蒂成为了小姐克拉拉（伊莎贝尔·奥特曼 饰）的伴读。克拉拉幼年丧母，大病一场再不能站立，只能被困在豪宅中与轮椅相伴。父亲（马克西姆·梅米特 饰）常年在外很少回家，寂寞的克拉拉把海蒂当成了救命稻草。海蒂能适应泽塞曼家的新生活吗？远在天边的祖父和彼得还能再见吗？克拉拉的腿还有好起来的希望吗？,https://movie.douban.com/subject/25958717/,46,9.3,620046人评价,"2019-05-16(中国大陆),2015-12-10(德国)",如果生活中有什么使你感到快乐，那就去做吧！不要管别人说什么。,海蒂和爷爷
125,https://img1.doubanio.com/view/photo/s_ratio_poster/public/p2892380420.jpg,　　古老帝国拉普达是一座漂浮在空中的巨大的机器岛，传说那里已经无人居住，蕴藏着巨大的财富。因此，无论军方还是海盗，都在找寻着这座传说中的飞行岛。,https://movie.douban.com/subject/1291583/,42,9.2,879949人评价,"1992-05-01(中国大陆),2023-06-01(中国大陆重映),1986-08-02(日本)",对天空的追逐，永不停止。 ,天空之城
127,https://img9.doubanio.com/view/photo/s_ratio_poster/public/p2896590696.jpg,　　故事开始于蒙特娄，也结束于蒙特娄。一名在找寻灵感的作家（拉菲·斯波 Rafe Spall 饰）无意间得知派·帕帖尔（伊尔凡·可汗 Irrfan Khan 饰）的传奇故事。派的父亲（阿迪勒·侯赛因 Adil Hussain 饰）开了一家动物园。因这样特殊的生活环境，少年派（苏拉·沙玛 Suraj Sharma 饰 ）对信仰与人的本性自有一套看法。在派17岁那一年，他的父母决定举家移民加拿大以追求更好的生活，而他也必须离开他的初恋情人。在前往加拿大的船上，他们遇见一位残忍成性的法国厨师（杰拉尔·德帕迪约 Gérard Depardieu 饰）。当天深夜在茫茫大海中，原本令派感到刺激无比的暴风雨一瞬间就成了吞噬货船的大灾难。派却奇迹般地活了下来，搭着救生船在太平洋上漂流，而且有一名最令人意想不到的同伴——理查德·帕克，一只孟加拉老虎。神奇的冒险旅程就这样意...,https://movie.douban.com/subject/1929463/,45,9.1,1355559人评价,"2012-11-22(中国大陆),2012-09-28(纽约电影节),2012-11-21(美国)",瑰丽壮观、无人能及的冒险之旅。,少年派的奇幻漂流
141,https://img2.doubanio.com/view/photo/s_ratio_poster/public/p453924541.jpg,　　弗兰克（莱昂纳多·迪卡普里奥 Leonardo DiCaprio饰）是FBI有史以来年龄最小的通缉犯。他的犯罪手段神通广大，伪装身份的能力超乎常人，全美各地几乎都留下他的犯罪足迹。乔装医生、律师、飞行员，统统都是他曾经的身份。当然，弗兰克凭着这个“本领”，骗取了高达几百万的金额。,https://movie.douban.com/subject/1305487/,43,9.1,1032852人评价,"2003-04-11(中国大陆),2002-12-16(洛杉矶首映),2002-12-25(美国)",骗子大师和执著警探的你追我跑故事。 ,猫鼠游戏
132,https://img1.doubanio.com/view/photo/s_ratio_poster/public/p1512562287.jpg,　　民国年间，花钱捐得县长的马邦德（葛优 饰）携妻（刘嘉玲 饰）及随从走马上任。途经南国某地，遭劫匪张麻子（姜文 饰）一伙伏击，随从尽死，只夫妻二人侥幸活命。马为保命，谎称自己是县长的汤 师爷。为汤师爷许下的财富所动，张麻子摇身一变化身县长，带着手下赶赴鹅城上任。有道是天高皇帝远，鹅城地处偏僻，一方霸主黄四郎（周润发 饰）只手遮天，全然不将这个新来的县长放在眼里。张麻子痛打了黄的武教头（姜武 饰），黄则设计害死张的义子小六（张默 饰）。原本只想赚钱的马邦德，怎么也想不到竟会被卷入这场土匪和恶霸的角力之中。鹅城上空愁云密布，血雨腥风在所难免……,https://movie.douban.com/subject/3742360/,41,9.0,1709156人评价,2010-12-16(中国大陆),你给我翻译翻译，神马叫做TMD的惊喜。,让子弹飞
161,https://img1.doubanio.com/view/photo/s_ratio_poster/public/p2401676338.jpg,　　马哈维亚（阿米尔·汗 Aamir Khan 饰）曾经是一名前途无量的摔跤运动员，在放弃了职业生涯后，他最大的遗憾就是没有能够替国家赢得金牌。马哈维亚将这份希望寄托在了尚未出生的儿子身上，哪知道妻子接连给他生了两个女儿，取名吉塔（法缇玛·萨那·纱卡 Fatima Sana Shaikh 饰）和巴比塔（桑亚·玛荷塔 Sanya Malhotra 饰）。让马哈维亚没有想到的是，两个姑娘展现出了杰出的摔跤天赋，让他幡然醒悟，就算是女孩，也能够昂首挺胸的站在比赛场上，为了国家和她们自己赢得荣誉。,https://movie.douban.com/subject/26387939/,40,9.0,1578316人评价,"2017-05-05(中国大陆),2016-12-23(印度)",你不是在为你一个人战斗，你要让千千万万的女性看到女生并不是只能相夫教子。,摔跤吧！爸爸
126,https://img1.doubanio.com/view/photo/s_ratio_poster/public/p2555295759.jpg,　　法庭上，十二岁的男孩赞恩向法官状告他的亲生父母，原因是，他们给了他生命。是什么样的经历让一个孩子做出如此不可思议的举动？故事中，赞恩的父母在无力抚养和教育的状况下依然不停生育，作为家中的长子赞恩，弱小的肩膀承担了无数生活的重压。当妹妹被强行卖给商贩为妻时，赞恩愤怒离家，之后遇到一对没有合法身份的母子，相互扶持勉强生活。然而生活并没有眷顾赞恩，重重磨难迫使他做出了令人震惊的举动……,https://movie.douban.com/subject/30170448/,39,9.1,1050565人评价,"2019-04-29(中国大陆),2018-05-17(戛纳电影节),2018-09-20(黎巴嫩)",凝视卑弱生命，用电影改变命运。,何以为家
122,https://img9.doubanio.com/view/photo/s_ratio_poster/public/p2118532944.jpg,　　她（李来 饰）是一个美丽平凡的小女孩，和爸爸妈妈生活在位于街角的家中。家里经营着以她的名字素媛命名的杂货店，母亲（严智媛 饰）作为老板娘日夜忙碌不得闲暇，父亲则在工厂干着繁重的工作。在那个飘雨的早上，素媛打着雨伞独自上学。在离学校近在咫尺的地方，她遭遇一个相貌猥琐、酒气冲天的大叔，由此开启了她的悲剧之旅。柔嫩的小花遭到暴风雨无情摧残，受伤的岂止枝枝叶叶，更是那迎着阳光无忧成长的心。无良媒体铺天盖地大肆渲染，作为受害者的素媛一家仿佛成了周身污秽的耻辱之人，被四周诧异好奇的目光所包围。,https://movie.douban.com/subject/21937452/,36,9.3,690856人评价,2013-10-02(韩国),受过伤害的人总是笑得最开心，因为他们不愿意让身边的人承受一样的痛苦。,素媛
119,https://img1.doubanio.com/view/photo/s_ratio_poster/public/p2174346180.jpg,　　继母因无力负担生活，将苏菲和她的两个妹妹都送到了制帽店去当学徒。两个妹妹很快先后就离开了制帽店去追寻各自的梦想，只有苏菲坚持了下来。一天，小镇旁边来了一座移动堡垒，传说堡垒的主人哈尔专吸取年青姑娘的灵魂，所以小镇的姑娘都不敢靠近。,https://movie.douban.com/subject/1308807/,37,9.1,1032777人评价,"2004-09-05(威尼斯电影节),2004-11-20(日本)",带着心爱的人在天空飞翔。,哈尔的移动城堡
96,https://img2.doubanio.com/view/photo/s_ratio_poster/public/p2173577632.jpg,　　一个在贫民窟长大的18岁少年因为涉嫌杀害自己的父亲被告上法庭，证人言之凿凿，各方面的证据都对他极为不利。十二个不同职业的人组成了这个案件的陪审团，他们要在休息室达成一致的意见，裁定少年是否有罪，如果罪名成立，少年将会被判处死刑。,https://movie.douban.com/subject/1293182/,38,9.4,494118人评价,1957-04-10(美国),1957年的理想主义。 ,十二怒汉
238,https://img1.doubanio.com/view/photo/s_ratio_poster/public/p1963126880.jpg,　　美国南北战争前夕，南方农场塔拉庄园的千金斯嘉丽（费雯·丽 Vivien Leigh 饰）爱上了另一个农场主的儿子艾希礼（莱斯利·霍华德 Leslie Howard 饰），遭到了拒绝，为了报复，她嫁给了自己不爱的男人，艾希礼妻子梅兰妮（奥利维娅·德哈维兰 Olivia de Havilland 饰）的弟弟查尔斯。,https://movie.douban.com/subject/1300267/,34,9.3,695723人评价,"1939-12-15(亚特兰大首映),1940-01-17(美国)",Tomorrow is another day.,乱世佳人
96,https://img1.doubanio.com/view/photo/s_ratio_poster/public/p2896589700.jpg,　　小男孩卡尔（Carl Fredricksen）怀揣着对于冒险的热爱偶遇假小子艾丽（Ellie），而艾丽把整个屋子当成一艘大飞船游戏居然使他对这个女孩子有些着迷，相同的爱好最终使两个人成为了一生的爱侣。,https://movie.douban.com/subject/2129039/,35,9.1,1333818人评价,"2009-08-04(中国大陆),2009-05-13(戛纳电影节),2009-05-29(美国)",最后那些最无聊的事情，才是最值得怀念的。 ,飞屋环游记
105,https://img1.doubanio.com/view/photo/s_ratio_poster/public/p2896589968.jpg,　　热爱音乐的米格尔（安东尼·冈萨雷兹 Anthony Gonzalez 配音）不幸地出生在一个视音乐为洪水猛兽的大家庭之中，一家人只盼着米格尔快快长大，好继承家里传承了数代的制鞋产业。一年一度的亡灵节即将来临，每逢这一天，去世的亲人们的魂魄便可凭借着摆在祭坛上的照片返回现世和生者团圆。,https://movie.douban.com/subject/20495023/,27,9.1,1694345人评价,"2017-11-24(中国大陆),2020-07-20(中国大陆重映),2017-11-22(美国)",死亡不是真的逝去，遗忘才是永恒的消亡。,寻梦环游记
86,https://img9.doubanio.com/view/photo/s_ratio_poster/public/p2540924496.jpg,　　小月的母亲生病住院了，父亲带着她与四岁的妹妹小梅到乡间的居住。她们对那里的环境都感到十分新奇，也发现了很多有趣的事情。她们遇到了很多小精灵，她们来到属于她们的环境中，看到了她们世界中很多的奇怪事物，更与一只大大胖胖的龙猫成为了朋友。龙猫与小精灵们利用他们的神奇力量，为小月与妹妹带来了很多神奇的景观，令她们大开眼界。,https://movie.douban.com/subject/1291560/,26,9.2,1274260人评价,"2018-12-14(中国大陆),1988-04-16(日本)",人人心中都有个龙猫，童年就永远不会消失。,龙猫
117,https://img9.doubanio.com/view/photo/s_ratio_poster/public/p2561305376.jpg,　　普通中年男子程勇（徐峥 饰）经营着一家保健品店，失意又失婚。不速之客吕受益（王传君 饰）的到来，让他开辟了一条去印度买药做“代购”的新事业，虽然困难重重，但他在这条“买药之路”上发现了商机，一发不可收拾地做起了治疗慢粒白血病的印度仿制药独家代理商。赚钱的同时，他也认识了几个病患及家属，为救女儿被迫做舞女的思慧（谭卓 饰）、说一口流利“神父腔”英语的刘牧师（杨新鸣 饰），以及脾气暴烈的“黄毛”（章宇 饰），几个人合伙做起了生意，利润倍增的同时也危机四伏。程勇昔日的小舅子曹警官（周一围 饰）奉命调查仿制药的源头，假药贩子张长林（王砚辉 饰）和瑞士正牌医药代表（李乃文 饰）也对其虎视眈眈，生意逐渐变成了一场关于救赎的拉锯战。,https://movie.douban.com/subject/26752088/,33,9.0,2118398人评价,"2018-07-05(中国大陆),2018-06-30(大规模点映)",对我们国家而言，这样的电影多一部是一部。,我不是药神
